id,nombre,email
1,Dale Osborne,thompsonshannon@example.com
2,Brandon Davis,michaelanderson@example.net
3,Brian Higgins,paula34@example.com
4,Jill Dickerson,henrycindy@example.net
5,Joshua Allen,timothypittman@example.com
6,Heather English,bvillanueva@example.com
7,Rebecca Smith,eanthony@example.net
8,Patricia Huber,eric79@example.com
9,Melanie Sullivan,djones@example.com
10,Rachel Gardner,brianna79@example.net
11,Shelby Nichols,stephen84@example.net
12,Spencer Williams,frenchsamantha@example.net
13,Erica Marshall,rodriguezjennifer@example.org
14,Deborah Johnson,robert28@example.com
15,Kimberly Watson,qwells@example.com
16,Jennifer Sanders,laurendiaz@example.net
17,Emily Rodriguez,jonathanflynn@example.com
18,Lisa Kelly,chelseasanchez@example.com
19,Austin Hogan,franciscodickerson@example.net
20,Lisa West,maxwellduran@example.net
21,Mitchell Jimenez,robert80@example.org
22,Jason Parker,sarah38@example.org
23,Dr. Donald Rowland,johnsonjennifer@example.net
24,Luke Ford,moorekyle@example.net
25,Philip Guerra,juarezpatricia@example.org
26,Kristen Jackson,eking@example.org
27,Jessica Gray,kcarr@example.org
28,Dana Vazquez,walterlogan@example.org
29,Alyssa Tran,fbennett@example.com
30,William Ramsey,bobbymartin@example.com
31,Samantha Wells,danielsimon@example.org
32,Marcus Lopez,cathyosborn@example.com
33,Brad Martinez DDS,newtonmichael@example.com
34,Jacqueline Collier,christineburnett@example.com
35,Jesse Burns,meghangrant@example.com
36,Bonnie Dawson,javier94@example.org
37,Amanda Hawkins,joshua27@example.net
38,Ronald Preston,csmith@example.com
39,Jessica Tran,shawn43@example.net
40,Ashley Newman,sandrapeck@example.net
41,Nicole Gillespie,torresduane@example.net
42,Samuel Rowland,ryan48@example.net
43,Andrew Rogers,donald70@example.org
44,Brandon Bryant,brownterrance@example.com
45,Jessica Smith,timothy58@example.net
46,David Smith,elizabethbrown@example.org
47,Sara Fischer,christophermiller@example.com
48,Elizabeth Evans MD,lisa65@example.com
49,Angelica Cordova,rbuck@example.com
50,Mark Cooper,btate@example.net
51,Carlos Griffin,david63@example.org
52,Amy Patrick,kevinbailey@example.com
53,Janet Vincent,martinmichelle@example.org
54,Frank Brown,jamie77@example.net
55,Sabrina Crane,barneschristina@example.net
56,Jerry Larson,annettedaniels@example.com
57,Anthony Patton,ethanneal@example.org
58,Sarah Cook,robin87@example.net
59,Hannah Medina,rebecca41@example.org
60,Robert Gibson,hhayes@example.org
61,Christopher Maldonado,hwashington@example.net
62,Alexandria Brady,vargasbradley@example.org
63,Vincent White,orichard@example.com
64,Juan Mann,okelly@example.net
65,Keith Gilbert,meyersanthony@example.net
66,Aaron Nelson,kmiles@example.com
67,Christopher Palmer,amurphy@example.com
68,Erika Sullivan,jonathan12@example.net
69,Kelsey Bates,weavertheresa@example.org
70,Nicholas Lin,donald91@example.com
71,Yolanda Patel,virginia37@example.net
72,Brittany Horton,peterperez@example.org
73,Angela French,qgardner@example.net
74,Robert Rodgers,fitzpatrickdylan@example.com
75,Lisa Mosley,ashley18@example.org
76,Renee Boone,beth73@example.com
77,Jacob Johnson,zmarsh@example.net
78,Melissa Ford,taradudley@example.net
79,Dr. Laurie Black,justinrich@example.com
80,Richard Salazar,karinadavis@example.net
81,Holly Huffman,blake79@example.com
82,Jessica Ayala,avasquez@example.org
83,Jeremiah Goodman,woodmichelle@example.net
84,Ricardo Perry,shanesmith@example.net
85,Christopher Cooke,zwilcox@example.net
86,Kent Brown,dvalenzuela@example.net
87,Jesse Kane,nicholedaniels@example.org
88,Nicholas Parks,sarah09@example.org
89,Adam Goodman,mikemartinez@example.com
90,Molly Taylor,jonathanwilkerson@example.net
91,Kristin Perry,coltongonzales@example.org
92,Kevin Ortiz,aaron28@example.net
93,Bryan Yang,wrowe@example.net
94,David Blanchard,kurthiggins@example.net
95,Brandy Foley,jamesbryan@example.com
96,Nancy Cobb,jacksonmegan@example.net
97,Donald Poole,katiecohen@example.org
98,Anthony Johnson,xyoung@example.com
99,Amy Maddox,gonzalezmisty@example.net
100,Patricia Rivas,brownleslie@example.org
101,Eric Brown,vmoore@example.com
102,Johnathan Williams,miguelpage@example.com
103,Colin Anderson,loriyoung@example.net
104,Christopher Schmidt,williamsellen@example.org
105,Joshua Sanders,michael68@example.com
106,Chelsea Shaw,qguerrero@example.com
107,Jaclyn Cohen,fbrown@example.net
108,Melissa Palmer,johnjacobs@example.net
109,Thomas Tapia,smithangela@example.net
110,James Parker,nthomas@example.org
111,Mr. Jeffrey Clarke,lbowen@example.net
112,Leslie Thompson,leedonald@example.net
113,Heather Lewis,todd53@example.org
114,Denise Dean,mariaperez@example.net
115,Michael Lopez,francissandra@example.org
116,Anne Hayden,brooksteresa@example.net
117,Kathy Clark,jessicaflores@example.com
118,Wendy Franco,garybentley@example.com
119,Jacob Lopez,molinatheresa@example.org
120,Tanner Blevins,manntamara@example.com
121,Lisa Hall,stephaniesmith@example.org
122,Michael Williams,sandersbenjamin@example.com
123,Christina Fitzpatrick,bethlopez@example.com
124,Nicole Tran,colejohnny@example.org
125,David Watts,andrew24@example.com
126,Robin Carpenter,phall@example.com
127,Susan Anderson,bsmith@example.org
128,Gregory Montoya,nancy20@example.net
129,Sarah Ramos,kyle62@example.org
130,Roberto Gonzalez,zachary80@example.org
131,Anthony Robinson,danielrobert@example.net
132,Ashley Jackson,jamesdennis@example.com
133,Meagan Cruz DVM,calexander@example.org
134,Derrick Castillo,lori93@example.org
135,Brittany Wilson,kellicarter@example.com
136,John Banks,ebaker@example.com
137,Shannon Turner,nathan91@example.com
138,David Mcclain,michael77@example.com
139,Kevin Martinez,brian14@example.org
140,James Long,samuel95@example.org
141,Jacqueline Stephens,andrea01@example.com
142,Tara Peterson,holmesbrian@example.org
143,Christopher Wilson,josephgarcia@example.com
144,Bridget Garcia,barrettmelanie@example.net
145,Rachel Butler,julie56@example.com
146,Cynthia Black,phillipsmatthew@example.com
147,Jessica Beck,fmorgan@example.org
148,Joshua Wolfe,chadlogan@example.com
149,Susan Howard,mariahaguilar@example.net
150,Karen Gordon,bduke@example.net
151,Gavin Moran,tamara50@example.com
152,Kim White,denisevaughn@example.org
153,Tonya Martinez,tsoto@example.com
154,April Parrish,jennifer01@example.net
155,Frank Harrison,andersonmallory@example.com
156,Andrea Barnes,rojasryan@example.org
157,Michael Porter,aarongraham@example.com
158,Nicole Fritz,browncaroline@example.net
159,Alan Hopkins,gonzalezjennifer@example.org
160,Barbara Kramer,johnsontodd@example.net
161,Anthony Collins,ramirezbarbara@example.org
162,Roberto Clark,anthonyestrada@example.com
163,Richard Maldonado,vaughndaniel@example.org
164,Amanda Washington,lee51@example.net
165,David Hudson,hollandjames@example.org
166,John Rogers,sean53@example.net
167,Sharon Watson,duncanthomas@example.com
168,Cody Gonzales,escott@example.org
169,Raymond Castillo,perezmelissa@example.org
170,Joseph Duncan,efernandez@example.com
171,Steven Larsen,ekent@example.com
172,Michael Erickson,jenningsdrew@example.org
173,Daniel Pierce,oreynolds@example.org
174,Denise Quinn,chamberscharles@example.org
175,Matthew Jackson,anna95@example.net
176,Kristen Raymond,janice06@example.org
177,Erik Davis,christopherwilliams@example.net
178,Elizabeth Robinson,melissa91@example.org
179,Riley Torres,christopher62@example.org
180,Brian Cline,daniellewilson@example.org
181,Susan Daniels,dlawrence@example.net
182,Linda Medina MD,wrussell@example.org
183,Laura Roberts,leonard09@example.net
184,Victoria Mcclain,nichole17@example.com
185,Eric Griffith,mathewsrobert@example.org
186,Timothy Shelton,jimmy03@example.org
187,Vanessa Sullivan,osmith@example.org
188,Diana Bailey,felicia57@example.com
189,Stacy Martin,ashley00@example.com
190,Anthony Gallagher,chendonna@example.net
191,Lori Jackson,gregory36@example.net
192,Melinda Douglas,ngutierrez@example.com
193,Richard Richards,pateltimothy@example.net
194,Jonathan Underwood,kimberly87@example.net
195,Christopher Hampton,brenda13@example.com
196,Steven Austin,stephendiaz@example.net
197,Douglas Flores,carlgonzalez@example.com
198,Michael Johnson,jasonrobinson@example.net
199,Jonathan Weiss,mthompson@example.org
200,Brittany Garcia,sherribriggs@example.net
201,Alexander Bush,robert00@example.net
202,Jason Odonnell,hendersonmegan@example.org
203,Candice Hernandez,ashleymartinez@example.net
204,Gary Andrade,benjaminhoward@example.com
205,Dr. Frank Smith,kimberlybaker@example.net
206,Amanda Washington,william22@example.org
207,Eric Sanchez,john25@example.net
208,Denise Sanchez,angelaramsey@example.net
209,Kelly Grant,christina44@example.com
210,Christina Wood,barrybaird@example.com
211,William Mcknight,timothyedwards@example.net
212,Melissa Mayo,robertbeasley@example.com
213,Jason Decker,staceywashington@example.com
214,Jamie King,spencermiller@example.org
215,Mr. Andrew Gonzalez,joneskimberly@example.org
216,Jody Novak,rossamy@example.com
217,Kathleen Williamson,russell66@example.org
218,John Hall,echristensen@example.net
219,Harry Turner,brianeaton@example.com
220,Dr. Michele Cook,austin92@example.com
221,Jeffrey Richardson,whitney41@example.com
222,Samantha Garcia,pstevens@example.org
223,Mrs. Rachel Garcia PhD,snyderheather@example.net
224,Jonathan Santana,carterjulie@example.com
225,Beth Garza,jacksonhannah@example.com
226,Marisa Wu,adamscaitlin@example.org
227,Jeremy Wyatt,nicole30@example.org
228,Kathleen Lee,ejohnson@example.org
229,Roy Boyd,walter41@example.org
230,Helen Clark,rdecker@example.org
231,Sheila Gilbert,ramirezadam@example.net
232,Nicholas Fisher,richard33@example.net
233,Makayla Hunter,chavezjohn@example.com
234,Sharon Clark,jasminewang@example.com
235,Melinda Barnes,mturner@example.net
236,Allison Harrell,angelabecker@example.net
237,Heather Cole,mclarke@example.net
238,Kimberly Conrad PhD,jgill@example.org
239,Lisa Pierce,ginamanning@example.org
240,Molly Powell,phyllis10@example.org
241,Alan Myers,timothy17@example.com
242,Michael Chandler,mcdanielsteven@example.org
243,Barry Davis,davisrebecca@example.com
244,Ivan Mcdonald,andreapaul@example.net
245,Andrea Bailey,holly78@example.org
246,Kevin Turner,npeters@example.com
247,Douglas Duncan,ashleyboyd@example.org
248,Robert Schroeder,benjaminstanton@example.org
249,Lisa Dickerson,christinaharmon@example.org
250,Scott Johnson,cpollard@example.net
251,Colin Berger,cooperjill@example.net
252,Russell Smith,davidbrown@example.com
253,Sara Robinson,davidgreen@example.org
254,Kristin Woods,xgarza@example.com
255,Joshua Guzman,juliamcdonald@example.com
256,Kelsey Evans,amy49@example.org
257,Terri Rios,jessica37@example.net
258,Veronica Lewis,michaelatkinson@example.org
259,Michelle Bradley,carol65@example.org
260,Sharon Johnson,clarkjason@example.com
261,Jean Cunningham,nataliebarr@example.com
262,Sara Horton,xbecker@example.net
263,Joshua Johnson,matthew01@example.com
264,Matthew Johnson,hbennett@example.com
265,Beverly Riggs,zbrooks@example.org
266,Katie Ramirez,pereztimothy@example.com
267,Anthony Robinson,donald67@example.net
268,Stephen Jackson,tylerschroeder@example.com
269,Darlene David,nwhite@example.com
270,Micheal Sherman,prestonvaughn@example.com
271,Richard Martin,ronald75@example.net
272,Anthony Beck,robinsondennis@example.org
273,Beverly West,xking@example.net
274,Mary Neal,robert28@example.net
275,Patricia White,riggsveronica@example.org
276,Raymond Lopez,dmack@example.org
277,Jill King,scottrodriguez@example.com
278,Nicole Graham,castillodawn@example.net
279,Ellen Collier,lbrown@example.com
280,Nathan Gray,vlarson@example.com
281,Heather Thomas,kevin28@example.com
282,Jasmine Alvarado,jessica30@example.com
283,Tammy Schultz,stephenshort@example.org
284,Brandon Lopez,elizabethchavez@example.net
285,Ryan Goodwin,kennethkelly@example.net
286,Brandi Bauer,smithevan@example.com
287,Jonathan Best,maxthompson@example.org
288,William Michael,williamsamy@example.com
289,Adrian Perez,jenningselijah@example.com
290,Cindy Gentry,daviswilliam@example.org
291,Jessica Harper,millsdebbie@example.com
292,Nathan Dudley,millermichael@example.org
293,Jordan Harris,jennifer51@example.net
294,Michaela Stone,kgregory@example.com
295,Rita Carter,kevincase@example.net
296,John Mccoy,mjensen@example.net
297,Jessica Dennis,lisablevins@example.net
298,Julie Miles,ramirezconnor@example.org
299,Joseph Long,reedlisa@example.org
300,Peter Williams,samuel30@example.net
301,Lindsay Sanders,harry54@example.net
302,Calvin Dyer,paulkelly@example.org
303,Nicole Hill,raymond87@example.com
304,Vanessa Benson,joshua32@example.com
305,Shane Cruz,swolfe@example.com
306,Robert Brock,bwalker@example.org
307,Nicole Medina,melissaross@example.org
308,Shane Newton,adamkim@example.net
309,Jason Gentry,zdyer@example.org
310,Joseph Fowler,wturner@example.net
311,Jerry Little,deanjames@example.net
312,Dana Morgan,tchaney@example.org
313,Traci Smith,christopher16@example.com
314,Thomas Miller,david04@example.net
315,Mrs. Amy Davis MD,brandon16@example.org
316,Mrs. Gwendolyn Key,lynn40@example.org
317,Jennifer Howard,evelyn97@example.com
318,Tiffany Ward,thenson@example.com
319,Aaron Howard,charper@example.com
320,Chelsea Griffin,geralddouglas@example.org
321,Chad Ross,morrisbryan@example.net
322,Timothy Ramos,hdoyle@example.com
323,David Garrett,jbrown@example.net
324,Joshua Schultz,lisastafford@example.org
325,Jody Brown,donald81@example.com
326,Andrea Wright,allenhaley@example.net
327,Jordan Winters,trevorgarcia@example.com
328,Janet Phillips,simmonsbrandon@example.org
329,Michelle Payne,hardinchelsea@example.com
330,Lori Clay,thomastorres@example.net
331,Dana Sanders,cynthia50@example.org
332,Dawn Mason,hernandezkathleen@example.net
333,Joshua Beard,sarah03@example.net
334,Nicole Phillips,moorekristie@example.net
335,Ricky Nguyen,matthewbass@example.com
336,Karen Ellis,krista11@example.net
337,Christopher Dunn,rebekahstephens@example.net
338,Sarah Johnson,bwilson@example.net
339,Amber Dalton,ronniecantrell@example.net
340,Nicholas Love,lesliebrown@example.net
341,Doris Hall,hrocha@example.net
342,Jason Lewis,amandawatson@example.org
343,Rebekah Contreras,baileyrodriguez@example.net
344,Brian Martinez,glennarmstrong@example.com
345,Henry Johnston,sarah11@example.org
346,Nicholas Kline,bryan98@example.net
347,Patricia Thompson,angela55@example.com
348,Ryan Garcia,ksuarez@example.org
349,Cynthia Jackson,zacharygrant@example.com
350,Reginald Swanson,patrickcrawford@example.net
351,Edward Aguilar,kimberly88@example.com
352,Mrs. Kristina Shepard,johnharvey@example.com
353,Barbara Wheeler,tmccarthy@example.net
354,Amber Cervantes,megan86@example.com
355,Jacob Merritt,thomasbarajas@example.net
356,Anthony Ortiz,xwilliams@example.org
357,Tyler Arias,rnichols@example.org
358,Kristen Owens,dickersonthomas@example.org
359,Rebecca Pittman,obrown@example.org
360,Travis Graves,daniel17@example.net
361,Kathryn Austin,thompsontammy@example.net
362,Patrick Green,michael47@example.com
363,Pamela Morris,cblake@example.net
364,Samuel Clark,banksdonald@example.org
365,Christopher Bell,shannon54@example.org
366,Dana Jones,browngary@example.org
367,Calvin Valdez,jenniferyoung@example.net
368,Chase Jones,wwalters@example.net
369,Brett Hensley,benjamin02@example.org
370,Matthew Mendez,yrich@example.org
371,Monica Huang,richardgregory@example.net
372,Cathy Phillips,hardykelly@example.com
373,Jennifer Austin,tayloralexis@example.org
374,Carla Roberson,pearsonluis@example.net
375,Amy Palmer,deborahcurtis@example.net
376,Bradley Smith,ushelton@example.com
377,Michael Thomas,xbaker@example.org
378,Theresa Robinson,staceywilliams@example.com
379,Mary Vincent,karina25@example.com
380,Erica Guerrero,jonathanvalenzuela@example.net
381,Trevor Allison,adam49@example.org
382,Kevin Smith,marshallchristian@example.org
383,Stephen Savage,millerwilliam@example.org
384,Blake Green,becky41@example.org
385,Christopher Newman,lauren34@example.net
386,Julie Marks,patrickharrison@example.org
387,Jill Chen,emilymeyer@example.net
388,Joel Miller,danielchan@example.org
389,Douglas Trujillo,erichardson@example.com
390,Larry Strong,lyonskimberly@example.net
391,Bridget Tapia,kennedylawrence@example.com
392,Melissa Nichols,heather25@example.net
393,Brandon Munoz,mariastephenson@example.com
394,Catherine Mann,melissataylor@example.com
395,Richard Colon,walkersharon@example.net
396,Christopher Johnson,twillis@example.org
397,Christopher Wilson,heathercarlson@example.net
398,Patrick Sandoval,amberlong@example.com
399,Tami Burke,larryhall@example.net
400,Steven Martin,garciajessica@example.net
401,Kendra Reyes,mcdanielpatricia@example.net
402,Anthony Ramos,jenkinsjacob@example.net
403,Sara Faulkner,alexisroberts@example.org
404,Andrew Ford,suzannekeith@example.org
405,Christopher Smith,nicoleortega@example.com
406,Karen Proctor,millermatthew@example.org
407,Matthew Morgan,carterkathryn@example.com
408,Gabriel Keller,brittany17@example.org
409,Steven Wilkerson,perezjonathan@example.org
410,Charles Castillo,beltrancorey@example.org
411,John Green,marycraig@example.com
412,Nicole Buchanan,ryanluna@example.net
413,Anna Howard,wsloan@example.net
414,Joshua Vasquez,donaldclark@example.com
415,Denise Mitchell,ucurtis@example.com
416,Lisa Norton,anthony87@example.com
417,Kathy Lucas,adamsryan@example.net
418,Brenda Kramer,ejohnson@example.net
419,Billy Ortiz,melissaramirez@example.net
420,Hayden Garner,johntanner@example.org
421,Clinton Montgomery,daykelly@example.org
422,Steve Haas,elizabethbrown@example.net
423,Randy Leon,zpham@example.org
424,Whitney Roach,hwood@example.com
425,Rachael Woods,mmcgrath@example.org
426,Ashley Moreno,michael34@example.org
427,Christopher Nixon,kenneth39@example.net
428,Lori Blackburn,alexandercombs@example.net
429,Penny Williams,phuber@example.org
430,Harold Alvarez,barkeralexis@example.net
431,Kenneth Bruce,vicki71@example.org
432,Molly Miller,ilowe@example.org
433,Louis Miller,ogrant@example.net
434,David Shelton,thorntonjeffrey@example.com
435,Melissa Ross,kylesanders@example.com
436,Jon Dawson,harperkatie@example.org
437,Tyler Bailey,martindanielle@example.org
438,Christopher Smith,melanie79@example.net
439,Ryan Rangel,tamijohnson@example.net
440,Kenneth Sanchez,crystal29@example.com
441,Hannah Summers,joshuapowell@example.com
442,Matthew Serrano,halljennifer@example.org
443,Colleen Gould,raymond67@example.org
444,Stephanie Warner,bartonlindsey@example.net
445,Mackenzie Johnson,tjohnson@example.net
446,Adam Chavez,palexander@example.com
447,Angela Estrada,robertscarol@example.com
448,Matthew Vasquez,michaelsmith@example.com
449,Lisa Rodriguez,amy97@example.net
450,Andrea Grant,marycombs@example.net
451,Daniel Friedman,uhoffman@example.net
452,Dawn Alexander,martinezbenjamin@example.org
453,Erin Mills,amynichols@example.org
454,Christopher Long,maylaura@example.net
455,Lori Sloan,stephanie45@example.com
456,Tammy Hanna,millertimothy@example.com
457,Denise Smith,fernandezalexandra@example.com
458,Ryan Barr,karla99@example.net
459,Sandy Schultz,vgreen@example.com
460,Deborah Ortiz,abigail34@example.org
461,Shawn Zavala,shari86@example.org
462,Stephen Wade,evelynkennedy@example.net
463,Michelle Levine,bethanyweaver@example.net
464,Amber Garza,william50@example.com
465,Charles Barr,mmartinez@example.net
466,Robert Williams,laura65@example.net
467,Jose Vincent,elliottrobert@example.org
468,Brian Bray,nathaniel70@example.org
